Specification,Frequency,N,$N_{\text{eff}}$,$\mathrm{sd}(A_t)$,Adoption Range,$\hat{\beta}$,Semi-elasticity (10pp),HAC SE,MDE (beta units),MDE (10pp %)
Interaction Δβ (post vs. pre),Daily,1244,23.626922217737647,0.020992848395804106,"[0.760, 0.951]",-3.602359811435065,-30.24882929619349,5.175618240073749,14.491731072206496,325.9590833612876
Post-Dencun slope,Daily,294,23.906581525679524,0.020992848395804106,"[0.760, 0.951]",-5.905838509386797,-44.59962653093316,5.103109940780545,14.288707834185525,317.39831986968454
Post-Dencun slope,Weekly,43,9.013214609883505,0.02037802549205114,"[0.821, 0.920]",-8.277648481883062,-56.29749872840656,7.9634914909751116,22.297776174730313,829.7798181705048
