variable,n_obs,jarque_bera_stat,jarque_bera_pvalue,shapiro_stat,shapiro_pvalue,skewness,kurtosis,is_normal_jb,is_normal_shapiro
A_t_clean,3435,982.6346709347849,4.203318924434836e-214,0.617282927419103,4.4717199077267863e-66,1.3097765535359267,-0.05925599114298974,False,False
log_C_fee,1245,33.3469331629738,5.7385935975741024e-08,0.9848050039208518,3.9948614420373115e-10,-0.37269159946193187,0.29535797479869297,False,False
u_t,3435,188.07692145539409,1.4441603572885896e-41,0.8935221556749501,1.0645944799569457e-43,-0.4130544262845894,-0.7947444394859695,False,False
S_t_harmonized,3435,448.779493649925,3.538108592497139e-98,0.8179806355498229,1.691379747086128e-52,0.2051734764181269,-1.7225540997330342,False,False
D_star,1460,4688.501008940747,0.0,0.9121829982199839,3.023063690786684e-28,-1.6647029827819113,8.12319551522107,False,False
