Variable,VIF,Status
A_t_clean,1.3274939036835491,OK
D_star,1.1183793182105353,OK
is_weekend,1.2195581270607334,OK
is_month_end,1.5241242280201692,OK
is_quarter_end,1.5009469634295975,OK
